Title,Year,Genre,RunTime,Rating,Votes,Director,Cast,Gross
In the Heat of the Night,1967,Crime;Drama;Mystery,110,7.9,68739,Norman Jewison,Sidney Poitier;Rod Steiger;Warren Oates;Lee Grant,24.38
Forushande,2016,Drama,124,7.8,52643,Asghar Farhadi,Shahab Hosseini;Taraneh Alidoosti;Babak Karimi;Mina Sadati,2.4
Rogue One,2016,Action;Adventure;Sci-Fi,133,7.8,564143,Gareth Edwards,Felicity Jones;Diego Luna;Alan Tudyk;Donnie Yen,532.18
Le passé,2013,Drama;Mystery,130,7.8,45438,Asghar Farhadi,Bérénice Bejo;Tahar Rahim;Ali Mosaffa;Pauline Burlet,1.33
A Bronx Tale,1993,Crime;Drama;Romance,121,7.8,129908,Robert De Niro,Robert De Niro;Chazz Palminteri;Lillo Brancato;Francis Capra,17.27
The Right Stuff,1983,Adventure;Biography;Drama,193,7.8,56656,Philip Kaufman,Sam Shepard;Scott Glenn;Ed Harris;Dennis Quaid,21.5
Red River,1948,Action;Adventure;Drama,133,7.8,28561,Arthur Rosson,John Wayne;Montgomery Clift;Joanne Dru;Walter Brennan,-1
Spoorloos,1988,Mystery;Thriller,107,7.7,34430,George Sluizer,Bernard-Pierre Donnadieu;Gene Bervoets;Johanna ter Steege;Gwen Eckhaus,-1
Ordinary People,1980,Drama,124,7.7,47763,Robert Redford,Donald Sutherland;Mary Tyler Moore;Judd Hirsch;Timothy Hutton,54.8
The Taking of Pelham One Two Three,1974,Action;Crime;Thriller,104,7.7,27093,Joseph Sargent,Walter Matthau;Robert Shaw;Martin Balsam;Hector Elizondo,0.85
The Dirty Dozen,1967,Action;Adventure;War,150,7.7,67802,Robert Aldrich,Lee Marvin;Ernest Borgnine;Charles Bronson;John Cassavetes,45.3
The Butterfly Effect,2004,Drama;Sci-Fi;Thriller,113,7.6,455208,Mackye Gruber,Ashton Kutcher;Amy Smart;Melora Walters;Elden Henson,57.94
Giant,1956,Drama;Western,201,7.6,34594,George Stevens,Elizabeth Taylor;Rock Hudson;James Dean;Carroll Baker,-1
Forrest Gump,1994,Drama;Romance,142,8.8,1838908,Robert Zemeckis,Tom Hanks;Robin Wright;Gary Sinise;Sally Field,330.25
Goodfellas,1990,Biography;Crime;Drama,146,8.7,1036656,Martin Scorsese,Robert De Niro;Ray Liotta;Joe Pesci;Lorraine Bracco,46.84
Whiplash,2014,Drama;Music,106,8.5,732412,Damien Chazelle,Miles Teller;J.K. Simmons;Melissa Benoist;Paul Reiser,13.09
The Departed,2006,Crime;Drama;Thriller,151,8.5,1206364,Martin Scorsese,Leonardo DiCaprio;Matt Damon;Jack Nicholson;Mark Wahlberg,132.38
Back to the Future,1985,Adventure;Comedy;Sci-Fi,116,8.5,1074676,Robert Zemeckis,Michael J. Fox;Christopher Lloyd;Lea Thompson;Crispin Glover,210.61
Spider-Man: Into the Spider-Verse,2018,Animation;Action;Adventure,117,8.4,392622,Rodney Rothman,Shameik Moore;Jake Johnson;Hailee Steinfeld;Mahershala Ali,190.24
The Sting,1973,Comedy;Crime;Drama,129,8.3,244218,George Roy Hill,Paul Newman;Robert Redford;Robert Shaw;Charles Durning,159.6
Andhadhun,2018,Crime;Drama;Music,139,8.2,74693,Sriram Raghavan,Ayushmann Khurrana;Tabu;Radhika Apte;Anil Dhawan,1.37
Shutter Island,2010,Mystery;Thriller,138,8.2,1151166,Martin Scorsese,Leonardo DiCaprio;Emily Mortimer;Mark Ruffalo;Ben Kingsley,128.01
The Wolf of Wall Street,2013,Biography;Crime;Drama,180,8.2,1213630,Martin Scorsese,Leonardo DiCaprio;Jonah Hill;Margot Robbie;Matthew McConaughey,116.9
Casino,1995,Crime;Drama,178,8.2,473378,Martin Scorsese,Robert De Niro;Sharon Stone;Joe Pesci;James Woods,42.44
Raging Bull,1980,Biography;Drama;Sport,129,8.2,325819,Martin Scorsese,Robert De Niro;Cathy Moriarty;Joe Pesci;Frank Vincent,23.38
Taxi Driver,1976,Crime;Drama,114,8.2,736567,Martin Scorsese,Robert De Niro;Jodie Foster;Cybill Shepherd;Albert Brooks,28.26
To Kill a Mockingbird,1962,Crime;Drama,129,8.2,296506,Robert Mulligan,Gregory Peck;John Megna;Frank Overton;Rosemary Murphy,-1
Three Billboards Outside Ebbing;Missouri,2017,Comedy;Crime;Drama,115,8.1,444589,Martin McDonagh,Frances McDormand;Woody Harrelson;Sam Rockwell;Caleb Landry Jones,54.51
Haider,2014,Action;Crime;Drama,160,8.1,50830,Vishal Bhardwaj,Shahid Kapoor;Tabu;Shraddha Kapoor;Kay Kay Menon,0.9
Le samouraï,1967,Crime;Drama;Mystery,105,8.1,46303,Pierre Melville,Alain Delon;François Périer;Nathalie Delon;Cathy Rosier,0.04
La La Land,2016,Comedy;Drama;Music,128,8,515895,Damien Chazelle,Ryan Gosling;Emma Stone;Rosemarie DeWitt;J.K. Simmons,151.1
Casino Royale,2006,Action;Adventure;Thriller,144,8,587173,Martin Campbell,Daniel Craig;Eva Green;Judi Dench;Jeffrey Wright,167.45
Bound by Honor,1993,Crime;Drama,180,8,29130,Taylor Hackford,Damian Chapa;Jesse Borrego;Benjamin Bratt;Enrique Castillo,4.5
Butch Cassidy and the Sundance Kid,1969,Biography;Crime;Drama,110,8,203361,George Roy Hill,Paul Newman;Robert Redford;Katharine Ross;Strother Martin,102.31
In Bruges,2008,Comedy;Crime;Drama,107,7.9,393924,Martin McDonagh,Colin Farrell;Brendan Gleeson;Ciarán Hinds;Elizabeth Berrington,7.76
The Irishman,2019,Biography;Crime;Drama,209,7.8,334544,Martin Scorsese,Robert De Niro;Al Pacino;Joe Pesci;Harvey Keitel,7
Cast Away,2000,Adventure;Drama;Romance,143,7.8,532697,Robert Zemeckis,Tom Hanks;Helen Hunt;Paul Sanchez;Lari White,233.63
Back to the Future Part II,1989,Adventure;Comedy;Sci-Fi,108,7.8,487544,Robert Zemeckis,Michael J. Fox;Christopher Lloyd;Lea Thompson;Thomas F. Wilson,118.5
The King of Comedy,1982,Comedy;Crime;Drama,109,7.8,91577,Martin Scorsese,Robert De Niro;Jerry Lewis;Diahnne Abbott;Sandra Bernhard,2.5
Wind River,2017,Crime;Drama;Mystery,107,7.7,211925,Taylor Sheridan,Elizabeth Olsen;Jeremy Renner;Graham Greene;Kelsey Asbille,33.8
Ray,2004,Biography;Drama;Music,152,7.7,139751,Taylor Hackford,Jamie Foxx;Regina King;Kerry Washington;Clifton Powell,75.33
Who Framed Roger Rabbit,1988,Animation;Adventure;Comedy,104,7.7,183889,Robert Zemeckis,Bob Hoskins;Christopher Lloyd;Joanna Cassidy;Charles Fleischer,156.45
After Hours,1985,Comedy;Crime;Drama,97,7.7,61224,Martin Scorsese,Griffin Dunne;Rosanna Arquette;Verna Bloom;Tommy Chong,10.6
Searching,2018,Drama;Mystery;Thriller,102,7.6,144000,Aneesh Chaganty,John Cho;Debra Messing;Joseph Lee;Michelle La,26.02
Only the Brave,2017,Action;Biography;Drama,134,7.6,59983,Joseph Kosinski,Josh Brolin;Miles Teller;Jeff Bridges;Jennifer Connelly,18.34
Schindler's List,1993,Biography;Drama;History,195,8.9,1229549,Steven Spielberg,Liam Neeson;Ralph Fiennes;Ben Kingsley;Caroline Goodall,96.9
Saving Private Ryan,1998,Drama;War,169,8.6,1253851,Steven Spielberg,Tom Hanks;Matt Damon;Tom Sizemore;Edward Burns,216.54
Seppuku,1962,Action;Drama;Mystery,133,8.6,44169,Masaki Kobayashi,Tatsuya Nakadai;Akira Ishihama;Shima Iwashita;Tetsurô Tanba,-1
Psycho,1960,Horror;Mystery;Thriller,109,8.5,612350,Alfred Hitchcock,Anthony Perkins;Janet Leigh;Vera Miles;John Gavin,32
Raiders of the Lost Ark,1981,Action;Adventure,115,8.4,893321,Steven Spielberg,Harrison Ford;Karen Allen;Paul Freeman;John Rhys-Davies,248.16
Rear Window,1954,Mystery;Thriller,112,8.4,449656,Alfred Hitchcock,James Stewart;Grace Kelly;Wendell Corey;Thelma Ritter,36.76
Requiem for a Dream,2000,Drama,102,8.3,776501,Darren Aronofsky,Ellen Burstyn;Jared Leto;Jennifer Connelly;Marlon Wayans,3.64
North by Northwest,1959,Adventure;Mystery;Thriller,136,8.3,302621,Alfred Hitchcock,Cary Grant;Eva Marie Saint;James Mason;Jessie Royce Landis,13.28
Vertigo,1958,Mystery;Romance;Thriller,128,8.3,369404,Alfred Hitchcock,James Stewart;Kim Novak;Barbara Bel Geddes;Tom Helmore,3.2
Indiana Jones and the Last Crusade,1989,Action;Adventure,127,8.2,699161,Steven Spielberg,Harrison Ford;Sean Connery;Alison Doody;Denholm Elliott,197.17
Stalker,1979,Drama;Sci-Fi,162,8.2,119437,Andrei Tarkovsky,Alisa Freyndlikh;Aleksandr Kaydanovskiy;Anatoliy Solonitsyn;Nikolay Grinko,0.23
Dial M for Murder,1954,Crime;Thriller,105,8.2,160671,Alfred Hitchcock,Ray Milland;Grace Kelly;Robert Cummings;John Williams,0.01
Catch Me If You Can,2002,Biography;Crime;Drama,141,8.1,849407,Steven Spielberg,Leonardo DiCaprio;Tom Hanks;Christopher Walken;Martin Sheen,164.62
Jurassic Park,1993,Action;Adventure;Sci-Fi,127,8.1,879469,Steven Spielberg,Sam Neill;Laura Dern;Jeff Goldblum;Richard Attenborough,402.45
Sacrifice,1986,Drama,149,8.1,25100,Andrei Tarkovsky,Erland Josephson;Susan Fleetwood;Allan Edwall;Guðrún Gísladóttir,0.3
Zerkalo,1975,Biography;Drama,107,8.1,40951,Andrei Tarkovsky,Margarita Terekhova;Filipp Yankovskiy;Ignat Daniltsev;Oleg Yankovskiy,0.18
Solaris,1972,Drama;Mystery;Sci-Fi,167,8.1,82396,Andrei Tarkovsky,Natalya Bondarchuk;Donatas Banionis;Jüri Järvet;Vladislav Dvorzhetskiy,-1
Cool Hand Luke,1967,Crime;Drama,127,8.1,163986,Stuart Rosenberg,Paul Newman;George Kennedy;Strother Martin;J.D. Cannon,16.22
Andrei Rublev,1966,Biography;Drama;History,205,8.1,48105,Andrei Tarkovsky,Anatoliy Solonitsyn;Ivan Lapikov;Nikolay Grinko;Nikolay Sergeev,0.1
Rebecca,1940,Drama;Mystery;Romance,130,8.1,125689,Alfred Hitchcock,Laurence Olivier;Joan Fontaine;George Sanders;Judith Anderson,4.36
Black Swan,2010,Drama;Thriller,108,8,707172,Darren Aronofsky,Natalie Portman;Mila Kunis;Vincent Cassel;Winona Ryder,106.95
Jaws,1975,Adventure;Thriller,124,8,547736,Steven Spielberg,Roy Scheider;Robert Shaw;Richard Dreyfuss;Lorraine Gary,260
Rope,1948,Crime;Drama;Mystery,80,8,131499,Alfred Hitchcock,James Stewart;John Dall;Farley Granger;Dick Hogan,-1
The Wrestler,2008,Drama;Sport,109,7.9,291301,Darren Aronofsky,Mickey Rourke;Marisa Tomei;Evan Rachel Wood;Mark Margolis,26.24
Strangers on a Train,1951,Crime;Film-Noir;Thriller,101,7.9,124340,Alfred Hitchcock,Farley Granger;Robert Walker;Ruth Roman;Leo G. Carroll,7.63
Notorious,1946,Drama;Film-Noir;Romance,102,7.9,93178,Alfred Hitchcock,Cary Grant;Ingrid Bergman;Claude Rains;Louis Calhern,10.46
A Night at the Opera,1935,Comedy;Music;Musical,96,7.9,30845,Edmund Goulding,Groucho Marx;Chico Marx;Harpo Marx;Kitty Carlisle,2.54
Under sandet,2015,Drama;History;War,100,7.8,36686,Martin Zandvliet,Roland Møller;Louis Hofmann;Joel Basman;Mikkel Boe Følsgaard,0.44
The Color Purple,1985,Drama,154,7.8,79479,Steven Spielberg,Danny Glover;Whoopi Goldberg;Oprah Winfrey;Margaret Avery,98.47
E.T. the Extra-Terrestrial,1982,Family;Sci-Fi,115,7.8,376633,Steven Spielberg,Henry Thomas;Drew Barrymore;Peter Coyote;Dee Wallace,435.11
Mary Poppins,1964,Comedy;Family;Fantasy,139,7.8,159645,Robert Stevenson,Julie Andrews;Dick Van Dyke;David Tomlinson;Glynis Johns,102.27
Shadow of a Doubt,1943,Film-Noir;Thriller,108,7.8,60351,Alfred Hitchcock,Teresa Wright;Joseph Cotten;Macdonald Carey;Henry Travers,-1
The Lady Vanishes,1938,Mystery;Thriller,96,7.8,48183,Alfred Hitchcock,Margaret Lockwood;Michael Redgrave;Paul Lukas;May Whitty,-1
Empire of the Sun,1987,Action;Drama;History,153,7.7,117191,Steven Spielberg,Christian Bale;John Malkovich;Miranda Richardson;Nigel Havers,22.24
The Birds,1963,Drama;Horror;Mystery,119,7.7,173631,Alfred Hitchcock,Rod Taylor;Tippi Hedren;Jessica Tandy;Suzanne Pleshette,11.4
Bridge of Spies,2015,Drama;History;Thriller,142,7.6,291410,Steven Spielberg,Tom Hanks;Mark Rylance;Alan Alda;Amy Ryan,72.31
Minority Report,2002,Action;Crime;Mystery,145,7.6,513176,Steven Spielberg,Tom Cruise;Colin Farrell;Samantha Morton;Max von Sydow,132.07
Close Encounters of the Third Kind,1977,Drama;Sci-Fi,138,7.6,187029,Steven Spielberg,Richard Dreyfuss;François Truffaut;Teri Garr;Melinda Dillon,132.09
Lifeboat,1944,Drama;War,97,7.6,26791,Alfred Hitchcock,Tallulah Bankhead;John Hodiak;Walter Slezak;William Bendix,-1
The 39 Steps,1935,Crime;Mystery;Thriller,86,7.6,52688,Alfred Hitchcock,Robert Donat;Madeleine Carroll;Lucie Mannheim;Godfrey Tearle,-1
Jagten,2012,Drama,115,8.3,289054,Thomas Vinterberg,Mads Mikkelsen;Thomas Bo Larsen;Annika Wedderkopp;Lasse Fogelstrøm,0.69
Shin seiki Evangelion Gekijô-ban: Air/Magokoro wo;kimi ni,1997,Animation;Action;Drama,87,8.1,40915,Kazuya Tsurumaki,Megumi Ogata;Megumi Hayashibara;Yûko Miyamura;Kotono Mitsuishi,-1
Sin City,2005,Crime;Thriller,124,8,741342,Robert Rodriguez,Mickey Rourke;Clive Owen;Bruce Willis;Jessica Alba,74.1
Festen,1998,Drama,105,8,79476,Thomas Vinterberg,Ulrich Thomsen;Henning Moritzen;Thomas Bo Larsen;Paprika Steen,1.65
Druk,2020,Comedy;Drama,117,7.8,60039,Thomas Vinterberg,Mads Mikkelsen;Thomas Bo Larsen;Magnus Millang;Lars Ranthe,-1
Ocean's Eleven,2001,Crime;Thriller,116,7.7,522728,Steven Soderbergh,George Clooney;Brad Pitt;Julia Roberts;Matt Damon,183.42
Inside Out,2015,Animation;Adventure;Comedy,95,8.1,628328,Ronnie Del Carmen,Amy Poehler;Bill Hader;Lewis Black;Mindy Kaling,356.46
Vozvrashchenie,2003,Drama,110,8,43063,Andrey Zvyagintsev,Vladimir Garin;Ivan Dobronravov;Konstantin Lavronenko;Nataliya Vdovina,0.5
Nelyubov,2017,Drama,127,7.6,30396,Andrey Zvyagintsev,Maryana Spivak;Aleksey Rozin;Matvey Novikov;Marina Vasileva,0.57
Leviafan,2014,Crime;Drama,140,7.6,50097,Andrey Zvyagintsev,Aleksey Serebryakov;Elena Lyadova;Roman Madyanov;Vladimir Vdovichenkov,1.09
Der Untergang,2004,Biography;Drama;History,156,8.2,334782,Oliver Hirschbiegel,Bruno Ganz;Alexandra Maria Lara;Ulrich Matthes;Juliane Köhler,5.51
The Red Shoes,1948,Drama;Music;Romance,135,8.1,31487,Emeric Pressburger,Anton Walbrook;Marius Goring;Moira Shearer;Robert Helpmann,10.9
The Artist,2011,Comedy;Drama;Romance,100,7.9,232355,Michel Hazanavicius,Jean Dujardin;Bérénice Bejo;John Goodman;James Cromwell,44.67
Das Experiment,2001,Drama;Thriller,120,7.7,91301,Oliver Hirschbiegel,Moritz Bleibtreu;Christian Berkel;Oliver Stokowski;Wotan Wilke Möhring,0.14
Adams æbler,2005,Comedy;Crime;Drama,94,7.8,46415,Anders Thomas Jensen,Ulrich Thomsen;Mads Mikkelsen;Nicolas Bro;Paprika Steen,0
Black,2005,Drama,122,8.2,33560,Sanjay Leela Bhansali,Amitabh Bachchan;Rani Mukerji;Shernaz Patel;Ayesha Kapoor,0.73
Short Term 12,2013,Drama,96,8,82867,Destin Daniel Cretton,Brie Larson;Frantz Turner;John Gallagher Jr.;Kaitlyn Dever,1.01
Just Mercy,2019,Biography;Crime;Drama,137,7.6,50087,Destin Daniel Cretton,Michael B. Jordan;Jamie Foxx;Brie Larson;Charlie Pye Jr.,-1
Pâfekuto burû,1997,Animation;Crime;Mystery,81,8,60371,Satoshi Kon,Junko Iwao;Rica Matsumoto;Shinpachi Tsuji;Masaaki Ôkura,0.78
Tôkyô goddofâzâzu,2003,Animation;Adventure;Comedy,90,7.9,32422,Satoshi Kon,Tôru Emori;Yoshiaki Umegaki;Aya Okamoto;Shôzô Îzuka,0.13
God's Own Country,2017,Drama;Romance,104,7.7,26128,Francis Lee,Josh O'Connor;Alec Secareanu;Gemma Jones;Ian Hart,0.34
Papurika,2006,Animation;Drama;Fantasy,90,7.7,72847,Satoshi Kon,Megumi Hayashibara;Tôru Emori;Katsunosuke Hori;Tôru Furuya,0.88
Heat,1995,Crime;Drama;Thriller,170,8.2,586350,Michael Mann,Al Pacino;Robert De Niro;Val Kilmer;Jon Voight,67.44
Togo,2019,Adventure;Biography;Drama,113,8,39807,Ericson Core,Willem Dafoe;Julianne Nicholson;Christopher Heyerdahl;Richard Dormer,-1
The Insider,1999,Biography;Drama;Thriller,157,7.8,161375,Michael Mann,Russell Crowe;Al Pacino;Christopher Plummer;Diane Venora,28.97
Efter brylluppet,2006,Drama,120,7.7,32582,Susanne Bier,Mads Mikkelsen;Sidse Babett Knudsen;Rolf Lassgård;Neeral Mulchandani,0.41
Kung fu,2004,Action;Comedy;Fantasy,99,7.7,128712,Stephen Chow,Stephen Chow;Wah Yuen;Qiu Yuen;Siu-Lung Leung,17.11
The Last of the Mohicans,1992,Action;Adventure;Drama,112,7.7,153129,Michael Mann,Daniel Day-Lewis;Madeleine Stowe;Russell Means;Eric Schweig,75.51
Hævnen,2010,Drama;Romance,118,7.6,38734,Susanne Bier,Mikael Persbrandt;Trine Dyrholm;Markus Rygaard;Wil Johnson,1.01
Ben-Hur,1959,Adventure;Drama;History,212,8.1,222050,William Wyler,Charlton Heston;Jack Hawkins;Stephen Boyd;Haya Harareet,74.7
Donnie Darko,2001,Drama;Mystery;Sci-Fi,113,8,747128,Richard Kelly,Jake Gyllenhaal;Jena Malone;Mary McDonnell;Holmes Osborne,1.48
Roman Holiday,1953,Comedy;Romance,118,8,128722,William Wyler,Gregory Peck;Audrey Hepburn;Eddie Albert;Hartley Power,-1
The Best Years of Our Lives,1946,Drama;Romance;War,170,8,57879,William Wyler,Myrna Loy;Dana Andrews;Fredric March;Teresa Wright,23.65
Almost Famous,2000,Adventure;Comedy;Drama,122,7.9,255762,Cameron Crowe,Billy Crudup;Patrick Fugit;Kate Hudson;Frances McDormand,32.53
Charade,1963,Comedy;Mystery;Romance,113,7.9,70064,Stanley Donen,Cary Grant;Audrey Hepburn;Walter Matthau;James Coburn,13.47
Wait Until Dark,1967,Thriller,108,7.8,28017,Terence Young,Audrey Hepburn;Alan Arkin;Richard Crenna;Efrem Zimbalist Jr.,17.55
Training Day,2001,Crime;Drama;Thriller,122,7.7,397486,Antoine Fuqua,Denzel Washington;Ethan Hawke;Scott Glenn;Tom Berenger,76.63
Le dîner de cons,1998,Comedy,80,7.7,37814,Francis Veber,Thierry Lhermitte;Jacques Villeret;Francis Huster;Daniel Prévost,4.07
Gilda,1946,Drama;Film-Noir;Romance,110,7.7,28380,Charles Vidor,Rita Hayworth;Glenn Ford;George Macready;Joseph Calleia,-1
La Vie En Rose,2007,Biography;Drama;Music,140,7.6,83389,Olivier Dahan,Marion Cotillard;Sylvie Testud;Pascal Greggory;Emmanuelle Seigner,10.3
Casablanca,1942,Drama;Romance;War,102,8.5,528248,Michael Curtiz,Humphrey Bogart;Ingrid Bergman;Paul Henreid;Claude Rains,1.02
The Father,2020,Drama,97,8.3,31071,Florian Zeller,Anthony Hopkins;Olivia Colman;Mark Gatiss;Olivia Williams,-1
Judgment at Nuremberg,1961,Drama;War,179,8.2,70635,Stanley Kramer,Spencer Tracy;Burt Lancaster;Richard Widmark;Marlene Dietrich,-1
The Deer Hunter,1978,Drama;War,183,8.1,315289,Michael Cimino,Robert De Niro;Christopher Walken;John Cazale;John Savage,48.98
Inherit the Wind,1960,Biography;Drama;History,128,8.1,27671,Stanley Kramer,Spencer Tracy;Fredric March;Gene Kelly;Dick York,-1
Cat on a Hot Tin Roof,1958,Drama,108,8,45765,Richard Brooks,Elizabeth Taylor;Paul Newman;Burl Ives;Jack Carson,17.57
Amour,2012,Drama,127,7.9,94203,Michael Haneke,Jean-Louis Trintignant;Emmanuelle Riva;Isabelle Huppert;Alexandre Tharaud,6.74
Kal Ho Naa Ho,2003,Comedy;Drama;Musical,186,7.9,64043,Nikkhil Advani,Preity Zinta;Shah Rukh Khan;Saif Ali Khan;Jaya Bachchan,1.79
The Lion in Winter,1968,Biography;Drama;History,134,7.9,29315,Anthony Harvey,Peter O'Toole;Katharine Hepburn;Anthony Hopkins;John Castle,22.28
Vicky Donor,2012,Comedy;Romance,126,7.8,40043,Shoojit Sircar,Ayushmann Khurrana;Yami Gautam;Annu Kapoor;Dolly Ahluwalia,0.17
About Time,2013,Comedy;Drama;Fantasy,123,7.8,310693,Richard Curtis,Domhnall Gleeson;Rachel McAdams;Bill Nighy;Lydia Wilson,15.32
Das weiße Band - Eine deutsche Kindergeschichte,2009,Drama;History;Mystery,144,7.8,69423,Michael Haneke,Christian Friedel;Ernst Jacobi;Leonie Benesch;Ulrich Tukur,2.22
Little Miss Sunshine,2006,Comedy;Drama,101,7.8,444433,Valerie Faris,Steve Carell;Toni Collette;Greg Kinnear;Abigail Breslin,59.89
Les triplettes de Belleville,2003,Animation;Comedy;Drama,80,7.8,50982,Sylvain Chomet,Michèle Caucheteux;Jean-Claude Donda;Michel Robin;Monica Viegas,7
Hana-bi,1997,Crime;Drama;Romance,103,7.8,28164,Takeshi Kitano,Takeshi Kitano;Kayoko Kishimoto;Ren Osugi;Susumu Terajima,0.23
The Goonies,1985,Adventure;Comedy;Family,114,7.8,247524,Richard Donner,Sean Astin;Josh Brolin;Jeff Cohen;Corey Feldman,61.5
Guess Who's Coming to Dinner,1967,Comedy;Drama,108,7.8,40382,Stanley Kramer,Spencer Tracy;Sidney Poitier;Katharine Hepburn;Katharine Houghton,56.7
Kingsman: The Secret Service,2014,Action;Adventure;Comedy,129,7.7,597257,Matthew Vaughn,Colin Firth;Taron Egerton;Samuel L. Jackson;Michael Caine,128.26
X: First Class,2011,Action;Adventure;Sci-Fi,131,7.7,651112,Matthew Vaughn,James McAvoy;Michael Fassbender;Jennifer Lawrence;Kevin Bacon,146.41
Billy Elliot,2000,Drama;Music,110,7.7,127885,Stephen Daldry,Jamie Bell;Julie Walters;Jean Heywood;Jamie Draven,22
Primal Fear,1996,Crime;Drama;Mystery,129,7.7,192668,Gregory Hoblit,Richard Gere;Laura Linney;Edward Norton;John Mahoney,56.12
Der Name der Rose,1986,Crime;Drama;Mystery,130,7.7,103052,Jacques Annaud,Sean Connery;Christian Slater;Helmut Qualtinger;Elya Baskin,7.15
Peeping Tom,1960,Drama;Horror;Thriller,101,7.7,31877,Michael Powell,Karlheinz Böhm;Anna Massey;Moira Shearer;Maxine Audley,0.08
Les yeux sans visage,1960,Drama;Horror,90,7.7,28148,Georges Franju,Pierre Brasseur;Alida Valli;Juliette Mayniel;Alexandre Rignault,0.05
Philomena,2013,Biography;Comedy;Drama,98,7.6,95047,Stephen Frears,Judi Dench;Steve Coogan;Sophie Kennedy Clark;Mare Winningham,37.71
A Star Is Born,2018,Drama;Music;Romance,136,7.6,342265,Bradley Cooper,Lady Gaga;Bradley Cooper;Sam Elliott;Greg Grunberg,215.29
Kick-Ass,2010,Action;Comedy;Crime,117,7.6,528872,Matthew Vaughn,Aaron Taylor-Johnson;Nicolas Cage;Chloë Grace Moretz;Garrett M. Brown,48.07
Moneyball,2011,Biography;Drama;Sport,133,7.6,376379,Bennett Miller,Brad Pitt;Robin Wright;Jonah Hill;Philip Seymour Hoffman,75.61
Stardust,2007,Adventure;Family;Fantasy,127,7.6,257488,Matthew Vaughn,Charlie Cox;Claire Danes;Sienna Miller;Ian McKellen,38.63
Enemy at the Gates,2001,Drama;History;War,131,7.6,246007,Jacques Annaud,Jude Law;Ed Harris;Joseph Fiennes;Rachel Weisz,51.4
Funny Games,1997,Crime;Drama;Thriller,108,7.6,66315,Michael Haneke,Susanne Lothar;Ulrich Mühe;Arno Frisch;Frank Giering,-1
Lethal Weapon,1987,Action;Crime;Thriller,109,7.6,239246,Richard Donner,Mel Gibson;Danny Glover;Gary Busey;Mitchell Ryan,65.21
A Hard Day's Night,1964,Comedy;Musical,87,7.6,40735,Richard Lester,John Lennon;Paul McCartney;George Harrison;Ringo Starr,13.78
La vita è bella,1997,Comedy;Drama;Romance,116,8.6,633126,Roberto Benigni,Roberto Benigni;Nicoletta Braschi;Giorgio Cantarini;Giustino Durano,57.6
Modern Times,1936,Comedy;Drama;Family,87,8.5,221338,Charles Chaplin,Charles Chaplin;Paulette Goddard;Henry Bergman;Tiny Sandford,0.16
City Lights,1931,Comedy;Drama;Romance,87,8.5,170185,Charles Chaplin,Charles Chaplin;Virginia Cherrill;Florence Lee;Harry Myers,0.02
The Shining,1980,Drama;Horror,146,8.4,911811,Stanley Kubrick,Jack Nicholson;Shelley Duvall;Danny Lloyd;Scatman Crothers,44.02
Dr. Strangelove or: How I Learned to Stop Worrying and Love the Bomb,1964,Comedy,95,8.4,455511,Stanley Kubrick,Peter Sellers;George C. Scott;Sterling Hayden;Keenan Wynn,0.28
Paths of Glory,1957,Drama;War,88,8.4,181012,Stanley Kubrick,Kirk Douglas;Ralph Meeker;Adolphe Menjou;George Macready,-1
The Great Dictator,1940,Comedy;Drama;War,125,8.4,205831,Charles Chaplin,Charles Chaplin;Paulette Goddard;Jack Oakie;Reginald Gardiner,0.29
Full Metal Jacket,1987,Drama;War,116,8.3,683180,Stanley Kubrick,Matthew Modine;R. Lee Ermey;Vincent D'Onofrio;Adam Baldwin,46.36
A Clockwork Orange,1971,Crime;Drama;Sci-Fi,136,8.3,766491,Stanley Kubrick,Malcolm McDowell;Patrick Magee;Michael Bates;Warren Clarke,6.21
2001: A Space Odyssey,1968,Adventure;Sci-Fi,149,8.3,611364,Stanley Kubrick,Keir Dullea;Gary Lockwood;William Sylvester;Daniel Richter,56.95
The Kid,1921,Comedy;Drama;Family,68,8.3,115516,Charles Chaplin,Charles Chaplin;Edna Purviance;Jackie Coogan;Carl Miller,5.45
The Gold Rush,1925,Adventure;Comedy;Drama,95,8.2,102657,Charles Chaplin,Charles Chaplin;Mack Swain;Tom Murray;Henry Bergman,5.45
Barry Lyndon,1975,Adventure;Drama;History,185,8.1,152475,Stanley Kubrick,Ryan O'Neal;Marisa Berenson;Patrick Magee;Hardy Krüger,-1
Le salaire de la peur,1953,Adventure;Drama;Thriller,131,8.1,55517,Georges Clouzot,Yves Montand;Charles Vanel;Peter van Eyck;Folco Lulli,-1
The Circus,1928,Comedy;Romance,72,8.1,30743,Charles Chaplin,Charles Chaplin;Merna Kennedy;Al Ernest Garcia;Harry Crocker,-1
Wonder,2017,Drama;Family,113,8,145866,Stephen Chbosky,Jacob Tremblay;Owen Wilson;Izabela Vidovic;Julia Roberts,132.42
The Perks of Being a Wallflower,2012,Drama;Romance,103,8,468377,Stephen Chbosky,Logan Lerman;Emma Watson;Ezra Miller;Paul Rudd,17.74
The Killing,1956,Crime;Drama;Film-Noir,84,8,82676,Stanley Kubrick,Sterling Hayden;Coleen Gray;Vince Edwards;Jay C. Flippen,-1
Les diaboliques,1955,Crime;Drama;Horror,117,8,62018,Georges Clouzot,Simone Signoret;Véra Clouzot;Paul Meurisse;Charles Vanel,-1
Un prophète,2009,Crime;Drama,155,7.9,94422,Jacques Audiard,Tahar Rahim;Niels Arestrup;Adel Bencherif;Reda Kateb,2.08
Spartacus,1960,Adventure;Biography;Drama,197,7.9,125540,Stanley Kubrick,Kirk Douglas;Laurence Olivier;Jean Simmons;Charles Laughton,30
Pride,2014,Biography;Comedy;Drama,119,7.8,52596,Matthew Warchus,Bill Nighy;Imelda Staunton;Dominic West;Paddy Considine,-1
Scarface: The Shame of the Nation,1932,Action;Crime;Drama,93,7.8,25673,Richard Rosson,Paul Muni;Ann Dvorak;Karen Morley;Osgood Perkins,-1
Hamlet,1996,Drama,242,7.7,36216,Kenneth Branagh,Kenneth Branagh;Julie Christie;Derek Jacobi;Kate Winslet,4.41
Il postino,1994,Biography;Comedy;Drama,108,7.7,34080,Massimo Troisi,Massimo Troisi;Philippe Noiret;Maria Grazia Cucinotta;Renato Scarpa,21.85
Synecdoche;New York,2008,Drama,124,7.6,84548,Charlie Kaufman,Philip Seymour Hoffman;Samantha Morton;Michelle Williams;Catherine Keener,3.08
Star Wars: Episode VI - Return of the Jedi,1983,Action;Adventure;Fantasy,131,8.3,961607,Richard Marquand,Mark Hamill;Harrison Ford;Carrie Fisher;Billy Dee Williams,309.13
Persepolis,2007,Animation;Biography;Drama,96,8,89521,Marjane Satrapi,Chiara Mastroianni;Catherine Deneuve;Gena Rowlands;Danielle Darrieux,4.45
The Exorcist,1973,Horror,122,8,365293,William Friedkin,Ellen Burstyn;Max von Sydow;Linda Blair;Lee J. Cobb,232.91
The Night of the Hunter,1955,Crime;Drama;Film-Noir,92,8,82916,Charles Laughton,Robert Mitchum;Shelley Winters;Lillian Gish;James Gleason,0.65
Out of the Past,1947,Crime;Drama;Film-Noir,97,8,33327,Jacques Tourneur,Robert Mitchum;Jane Greer;Kirk Douglas;Rhonda Fleming,-1
Manchester by the Sea,2016,Drama,137,7.8,251807,Kenneth Lonergan,Casey Affleck;Michelle Williams;Kyle Chandler;Lucas Hedges,47.7
The French Connection,1971,Action;Crime;Drama,104,7.7,111705,William Friedkin,Gene Hackman;Roy Scheider;Fernando Rey;Tony Lo Bianco,15.63
Pulp Fiction,1994,Crime;Drama,154,8.9,1852195,Quentin Tarantino,John Travolta;Uma Thurman;Samuel L. Jackson;Bruce Willis,107.93
Django Unchained,2012,Drama;Western,165,8.4,1379979,Quentin Tarantino,Jamie Foxx;Christoph Waltz;Leonardo DiCaprio;Kerry Washington,162.81
Inglourious Basterds,2009,Adventure;Drama;War,153,8.3,1289098,Quentin Tarantino,Brad Pitt;Diane Kruger;Eli Roth;Mélanie Laurent,120.54
Reservoir Dogs,1992,Crime;Drama;Thriller,99,8.3,930834,Quentin Tarantino,Harvey Keitel;Tim Roth;Michael Madsen;Chris Penn,2.83
Before Sunset,2004,Drama;Romance,80,8.1,240128,Richard Linklater,Ethan Hawke;Julie Delpy;Vernon Dobtcheff;Louise Lemoine Torrès,5.82
Kill Bill: Vol. 1,2003,Action;Crime;Drama,111,8.1,1013404,Quentin Tarantino,Uma Thurman;David Carradine;Daryl Hannah;Michael Madsen,70.1
La haine,1995,Crime;Drama,98,8.1,153574,Mathieu Kassovitz,Vincent Cassel;Hubert Koundé;Saïd Taghmaoui;Abdel Ahmed Ghili,0.31
Before Sunrise,1995,Drama;Romance,101,8.1,277051,Richard Linklater,Ethan Hawke;Julie Delpy;Andrea Eckert;Hanno Pöschl,5.54
Kill Bill: Vol. 2,2004,Action;Crime;Thriller,137,8,691878,Quentin Tarantino,Uma Thurman;David Carradine;Michael Madsen;Daryl Hannah,66.21
Before Midnight,2013,Drama;Romance,109,7.9,143840,Richard Linklater,Ethan Hawke;Julie Delpy;Seamus Davey-Fitzpatrick;Ariane Labed,8.11
Boyhood,2014,Drama,165,7.9,337969,Richard Linklater,Ellar Coltrane;Patricia Arquette;Ethan Hawke;Elijah Smith,25.38
The Man from Earth,2007,Drama;Fantasy;Mystery,87,7.9,175904,Richard Schenkman,David Lee Smith;Tony Todd;John Billingsley;Ellen Crawford,-1
The Adventures of Robin Hood,1938,Action;Adventure;Romance,102,7.9,47618,William Keighley,Errol Flynn;Olivia de Havilland;Basil Rathbone;Claude Rains,3.98
The Hateful Eight,2015,Crime;Drama;Mystery,168,7.8,527146,Quentin Tarantino,Samuel L. Jackson;Kurt Russell;Jennifer Jason Leigh;Walton Goggins,54.12
Kokuhaku,2010,Drama;Thriller,106,7.8,36161,Tetsuya Nakashima,Takako Matsu;Yoshino Kimura;Masaki Okada;Yukito Nishii,-1
Waking Life,2001,Animation;Drama;Fantasy,99,7.8,61165,Richard Linklater,Ethan Hawke;Trevor Jack Brooks;Lorelei Linklater;Wiley Wiggins,2.89
Once Upon a Time... in Hollywood,2019,Comedy;Drama,161,7.6,572662,Quentin Tarantino,Leonardo DiCaprio;Brad Pitt;Margot Robbie;Emile Hirsch,142.5
The Peanut Butter Falcon,2019,Adventure;Comedy;Drama,97,7.6,69959,Michael Schwartz,Zack Gottsagen;Ann Owens;Dakota Johnson;Bruce Dern,13.12
Dazed and Confused,1993,Comedy,102,7.6,168537,Richard Linklater,Jason London;Wiley Wiggins;Matthew McConaughey;Rory Cochrane,7.99
Dara iz Jasenovca,2020,Drama;War,130,8.3,34230,Predrag Antonijevic,Biljana Cekic;Zlatan Vidovic;Anja Stanic;Luka Saranovic,-1
The Godfather,1972,Crime;Drama,175,9.2,1646818,Francis Ford Coppola,Marlon Brando;Al Pacino;James Caan;Diane Keaton,134.97
The Godfather: Part II,1974,Crime;Drama,202,9,1146666,Francis Ford Coppola,Al Pacino;Robert De Niro;Robert Duvall;Diane Keaton,57.3
Apocalypse Now,1979,Drama;Mystery;War,147,8.4,614397,Francis Ford Coppola,Martin Sheen;Marlon Brando;Robert Duvall;Frederic Forrest,83.47
Gandhi,1982,Biography;Drama;History,191,8,219188,Richard Attenborough,Ben Kingsley;John Gielgud;Rohini Hattangadi;Roshan Seth,52.77
Drive,2011,Crime;Drama,100,7.8,578975,Nicolas Winding Refn,Ryan Gosling;Carey Mulligan;Bryan Cranston;Albert Brooks,35.06
The Conversation,1974,Drama;Mystery;Thriller,113,7.8,100624,Francis Ford Coppola,Gene Hackman;John Cazale;Allen Garfield;Frederic Forrest,4.42
The Godfather: Part III,1990,Crime;Drama,162,7.6,365307,Francis Ford Coppola,Al Pacino;Diane Keaton;Andy Garcia;Talia Shire,66.67
Bhaag Milkha Bhaag,2013,Biography;Drama;Sport,186,8.2,61696,Rakeysh Omprakash Mehra,Farhan Akhtar;Sonam Kapoor;Pawan Malhotra;Art Malik,1.63
Rang De Basanti,2006,Comedy;Crime;Drama,167,8.2,113257,Rakeysh Omprakash Mehra,Aamir Khan;Soha Ali Khan;Siddharth;Sharman Joshi,2.2
The Lives of Others,2006,Drama;Mystery;Thriller,137,8.4,363561,Florian Henckel von Donnersmarck,Ulrich Mühe;Martina Gedeck;Sebastian Koch;Ulrich Tukur,11.29
In a Lonely Place,1950,Drama;Film-Noir;Mystery,94,8,27393,Nicholas Ray,Humphrey Bogart;Gloria Grahame;Frank Lovejoy;Carl Benton Reid,-1
Rebel Without a Cause,1955,Drama,111,7.7,84449,Nicholas Ray,James Dean;Natalie Wood;Sal Mineo;Jim Backus,-1
My Cousin Vinny,1992,Comedy;Crime,120,7.6,109246,Jonathan Lynn,Joe Pesci;Marisa Tomei;Ralph Macchio;Mitchell Whitfield,52.93
The Silence of the Lambs,1991,Crime;Drama;Thriller,118,8.6,1290509,Jonathan Demme,Jodie Foster;Anthony Hopkins;Lawrence A. Bonney;Kasi Lemmons,130.74
Hidden Figures,2016,Biography;Drama;History,127,7.8,205055,Theodore Melfi,Taraji P. Henson;Octavia Spencer;Janelle Monáe;Kevin Costner,169.61
Philadelphia,1993,Drama,125,7.7,226826,Jonathan Demme,Tom Hanks;Denzel Washington;Roberta Maxwell;Buzz Kilman,77.32
Star Trek II: The Wrath of Khan,1982,Action;Adventure;Sci-Fi,113,7.7,113741,Nicholas Meyer,William Shatner;Leonard Nimoy;DeForest Kelley;James Doohan,78.91
3 Idiots,2009,Comedy;Drama,170,8.4,350494,Rajkumar Hirani,Aamir Khan;Madhavan;Mona Singh;Sharman Joshi,6.53
PK,2014,Comedy;Drama;Musical,153,8.1,165370,Rajkumar Hirani,Aamir Khan;Anushka Sharma;Sanjay Dutt;Boman Irani,10.62
Lage Raho Munna Bhai,2006,Comedy;Drama;Romance,144,8.1,43519,Rajkumar Hirani,Sanjay Dutt;Arshad Warsi;Vidya Balan;Boman Irani,2.22
Munna Bhai M.B.B.S.,2003,Comedy;Drama,156,8.1,74712,Rajkumar Hirani,Sanjay Dutt;Arshad Warsi;Gracy Singh;Sunil Dutt,-1
4 luni;3 saptamâni si 2 zile,2007,Drama,113,7.9,57178,Cristian Mungiu,Anamaria Marinca;Laura Vasiliu;Vlad Ivanov;Alexandru Potocean,1.19
Days of Heaven,1978,Drama;Romance,94,7.8,53676,Terrence Malick,Richard Gere;Brooke Adams;Sam Shepard;Linda Manz,-1
Badlands,1973,Action;Crime;Drama,94,7.8,67110,Terrence Malick,Martin Sheen;Sissy Spacek;Warren Oates;Ramon Bieri,-1
Kai po che!,2013,Drama;Sport,130,7.7,33092,Abhishek Kapoor,Amit Sadh;Sushant Singh Rajput;Rajkummar Rao;Amrita Puri,1.12
Good Bye Lenin!,2003,Comedy;Drama;Romance,121,7.7,139157,Wolfgang Becker,Daniel Brühl;Katrin Saß;Chulpan Khamatova;Florian Lukas,4.06
50/50,2011,Comedy;Drama;Romance,100,7.6,317277,Jonathan Levine,Joseph Gordon-Levitt;Seth Rogen;Anna Kendrick;Bryce Dallas Howard,35.01
The Thin Red Line,1998,Drama;War,170,7.6,174780,Terrence Malick,Jim Caviezel;Sean Penn;Nick Nolte;Kirk Acevedo,36.4
Ladri di biciclette,1948,Drama,89,8.3,149019,Vittorio De Sica,Lamberto Maggiorani;Enzo Staiola;Lianella Carell;Elena Altieri,0.33
Dare mo shiranai,2004,Drama,141,8.1,25312,Hirokazu Koreeda,Yûya Yagira;Ayu Kitaura;Hiei Kimura;Momoko Shimizu,0.68
Le notti di Cabiria,1957,Drama,110,8.1,43502,Federico Fellini,Giulietta Masina;François Périer;Franca Marzi;Dorian Gray,0.75
Slumdog Millionaire,2008,Drama;Romance,120,8,805269,Loveleen Tandan,Dev Patel;Freida Pinto;Saurabh Shukla;Anil Kapoor,141.32
The Pursuit of Happyness,2006,Biography;Drama,117,8,455692,Gabriele Muccino,Will Smith;Thandiwe Newton;Jaden Smith;Brian Howe,163.57
8½,1963,Drama,138,8,110220,Federico Fellini,Marcello Mastroianni;Anouk Aimée;Claudia Cardinale;Sandra Milo,0.05
La dolce vita,1960,Comedy;Drama,174,8,67539,Federico Fellini,Marcello Mastroianni;Anita Ekberg;Anouk Aimée;Yvonne Furneaux,19.52
La Strada,1954,Drama,108,8,58967,Federico Fellini,Anthony Quinn;Giulietta Masina;Richard Basehart;Aldo Silvani,-1
Manbiki kazoku,2018,Crime;Drama,121,7.9,65261,Hirokazu Koreeda,Lily Franky;Sakura Andô;Kirin Kiki;Mayu Matsuoka,3.31
Amarcord,1973,Comedy;Drama,123,7.9,40435,Federico Fellini,Magali Noël;Bruno Zanin;Pupella Maggio;Armando Brancia,0.29
Udta Punjab,2016,Action;Crime;Drama,148,7.8,27502,Abhishek Chaubey,Shahid Kapoor;Alia Bhatt;Kareena Kapoor;Diljit Dosanjh,-1
Seven Pounds,2008,Drama,123,7.6,288937,Gabriele Muccino,Will Smith;Rosario Dawson;Woody Harrelson;Michael Ealy,69.95
Das Boot,1981,Adventure;Drama;Thriller,149,8.3,234564,Wolfgang Petersen,Jürgen Prochnow;Herbert Grönemeyer;Klaus Wennemann;Hubertus Bengsch,11.49
Andaz Apna Apna,1994,Action;Comedy;Romance,160,8.2,49686,Rajkumar Santoshi,Aamir Khan;Salman Khan;Raveena Tandon;Karisma Kapoor,-1
Jûbê ninpûchô,1993,Animation;Action;Adventure,94,7.9,34935,Yoshiaki Kawajiri,Kôichi Yamadera;Emi Shinohara;Takeshi Aono;Osamu Saka,-1
Vampire Hunter D: Bloodlust,2000,Animation;Action;Fantasy,103,7.7,29606,Yoshiaki Kawajiri,Andrew Philpot;John Rafter Lee;Pamela Adlon;Wendee Lee,0.15
Nuovo Cinema Paradiso,1988,Drama;Romance,155,8.5,234745,Giuseppe Tornatore,Philippe Noiret;Enzo Cannavale;Antonella Attili;Isa Danieli,11.99
Swades: We;the People,2004,Drama,210,8.2,83837,Ashutosh Gowariker,Shah Rukh Khan;Gayatri Joshi;Kishori Ballal;Smit Sheth,1.22
Lagaan: Once Upon a Time in India,2001,Drama;Musical;Sport,224,8.1,106022,Ashutosh Gowariker,Aamir Khan;Raghuvir Yadav;Gracy Singh;Rachel Shelley,0.07
La leggenda del pianista sull'oceano,1998,Drama;Music;Romance,169,8.1,59737,Giuseppe Tornatore,Tim Roth;Pruitt Taylor Vince;Mélanie Thierry;Bill Nunn,0.26
La migliore offerta,2013,Crime;Drama;Mystery,131,7.8,110231,Giuseppe Tornatore,Geoffrey Rush;Jim Sturgess;Sylvia Hoeks;Donald Sutherland,0.09
Il conformista,1970,Drama,113,8,27666,Bernardo Bertolucci,Jean-Louis Trintignant;Stefania Sandrelli;Gastone Moschin;Enzo Tarascio,0.54
The Last Emperor,1987,Biography;Drama;History,163,7.7,95744,Bernardo Bertolucci,John Lone;Joan Chen;Peter O'Toole;Ruocheng Ying,43.98
The Jungle Book,1967,Animation;Adventure;Family,78,7.6,168228,Wolfgang Reitherman,Phil Harris;Sebastian Cabot;Louis Prima;Bruce Reitherman,141.84
Kari-gurashi no Arietti,2010,Animation;Adventure;Family,94,7.6,82718,Hiromasa Yonebayashi,Amy Poehler;Will Arnett;Mirai Shida;Ryûnosuke Kamiki,19.2
Omoide no Mânî,2014,Animation;Drama;Family,103,7.7,34001,Hiromasa Yonebayashi,Sara Takatsuki;Kasumi Arimura;Nanako Matsushima;Susumu Terajima,0.77
K.G.F: Chapter 1,2018,Action;Drama,156,8.2,38533,Prashanth Neel,Yash;Srinidhi Shetty;Ramachandra Raju;Archana Jois,-1
Drishyam,2015,Crime;Drama;Mystery,163,8.2,72556,Nishikant Kamat,Ajay Devgn;Shriya Saran;Tabu;Rajat Kapoor,0.74
The Message,1976,Biography;Drama;History,177,8.2,44375,Moustapha Akkad,Anthony Quinn;Irene Papas;Michael Ansara;Johnny Sekka,-1
Nebraska,2013,Adventure;Comedy;Drama,115,7.7,113242,Alexander Payne,Bruce Dern;Will Forte;June Squibb;Bob Odenkirk,17.65
Paan Singh Tomar,2012,Action;Biography;Crime,135,8.2,33576,Tigmanshu Dhulia,Irrfan Khan;Mahie Gill;Rajesh Abhay;Hemendra Dandotiya,0.04
Cowboy Bebop: Tengoku no tobira,2001,Animation;Action;Crime,115,7.9,43466,Yoshiyuki Takei,Beau Billingslea;Melissa Fahn;Nicholas Guest;Kôichi Yamadera,1
Joyeux Noël,2005,Drama;History;Music,116,7.7,28181,Christian Carion,Diane Kruger;Benno Fürmann;Guillaume Canet;Natalie Dessay,1.05
Pan's Labyrinth,2006,Drama;Fantasy;War,118,8.2,625032,Guillermo del Toro,Ivana Baquero;Ariadna Gil;Sergi López;Maribel Verdú,37.63
Victoria,2015,Crime;Drama;Romance,138,7.6,54015,Sebastian Schipper,Laia Costa;Frederick Lau;Franz Rogowski;Burak Yigit,-1
Trois couleurs: Rouge,1994,Drama;Mystery;Romance,99,8.1,92475,Krzysztof Kieslowski,Irène Jacob;Jean-Louis Trintignant;Frédérique Feder;Jean-Pierre Lorit,4.04
Trois couleurs: Bleu,1993,Drama;Music;Mystery,94,7.9,91690,Krzysztof Kieslowski,Juliette Binoche;Zbigniew Zamachowski;Julie Delpy;Benoît Régent,1.32
La montaña sagrada,1973,Adventure;Drama;Fantasy,114,7.9,38092,Alejandro Jodorowsky,Alejandro Jodorowsky;Horacio Salinas;Zamira Saunders;Juan Ferrara,0.06
La double vie de Véronique,1991,Drama;Fantasy;Music,98,7.8,43364,Krzysztof Kieslowski,Irène Jacob;Wladyslaw Kowalski;Halina Gryglaszewska;Kalina Jedrusik,2
Trois couleurs: Blanc,1994,Comedy;Drama;Romance,92,7.6,65792,Krzysztof Kieslowski,Zbigniew Zamachowski;Julie Delpy;Janusz Gajos;Jerzy Stuhr,1.46
Sweet Smell of Success,1957,Drama;Film-Noir,96,8,28659,Alexander Mackendrick,Burt Lancaster;Tony Curtis;Susan Harrison;Martin Milner,-1
The Ladykillers,1955,Comedy;Crime,91,7.7,26938,Alexander Mackendrick,Alec Guinness;Peter Sellers;Cecil Parker;Herbert Lom,-1
Pink,2016,Drama;Thriller,136,8.1,39924,Aniruddha Roy Chowdhury,Taapsee Pannu;Amitabh Bachchan;Kirti Kulhari;Andrea Tariang,1.24
La vie d'Adèle,2013,Drama;Romance,180,7.7,140513,Abdellatif Kechiche,Léa Seydoux;Adèle Exarchopoulos;Salim Kechiouche;Aurélien Recoing,2.2
Anand,1971,Drama;Musical,122,8.3,31160,Hrishikesh Mukherjee,Rajesh Khanna;Amitabh Bachchan;Sumita Sanyal;Ramesh Deo,-1
Les choristes,2004,Comedy;Drama;Music,97,7.9,58073,Christophe Barratier,Gérard Jugnot;François Berléand;Jean-Baptiste Maunier;Kad Merad,3.64
The Dark Knight,2008,Action;Crime;Drama,152,9,2341261,Christopher Nolan,Christian Bale;Heath Ledger;Aaron Eckhart;Michael Caine,534.86
Inception,2010,Action;Adventure;Sci-Fi,148,8.8,2099854,Christopher Nolan,Leonardo DiCaprio;Joseph Gordon-Levitt;Elliot Page;Ken Watanabe,292.58
Interstellar,2014,Adventure;Drama;Sci-Fi,169,8.6,1544204,Christopher Nolan,Matthew McConaughey;Anne Hathaway;Jessica Chastain;Mackenzie Foy,188.02
The Prestige,2006,Drama;Mystery;Sci-Fi,130,8.5,1208183,Christopher Nolan,Christian Bale;Hugh Jackman;Scarlett Johansson;Michael Caine,53.09
The Dark Knight Rises,2012,Action;Adventure,164,8.4,1536594,Christopher Nolan,Christian Bale;Tom Hardy;Anne Hathaway;Gary Oldman,448.14
Memento,2000,Mystery;Thriller,113,8.4,1139186,Christopher Nolan,Guy Pearce;Carrie-Anne Moss;Joe Pantoliano;Mark Boone Junior,25.54
Batman Begins,2005,Action;Adventure,140,8.2,1325535,Christopher Nolan,Christian Bale;Michael Caine;Ken Watanabe;Liam Neeson,206.85
Dunkirk,2017,Action;Drama;History,106,7.8,567652,Christopher Nolan,Fionn Whitehead;Barry Keoghan;Mark Rylance;Tom Hardy,188.37
Mission: Impossible - Fallout,2018,Action;Adventure;Thriller,147,7.7,296887,Christopher McQuarrie,Tom Cruise;Henry Cavill;Ving Rhames;Simon Pegg,220.16
Udaan,2010,Drama,134,8.2,42695,Vikramaditya Motwane,Rajat Barmecha;Ronit Roy;Manjot Singh;Ram Kapoor,0.01
L'avventura,1960,Drama;Mystery;Romance,144,7.9,27027,Michelangelo Antonioni,Gabriele Ferzetti;Monica Vitti;Lea Massari;Dominique Blanchar,-1